[
  {
    "id": "20",
    "name": "Originals Superstar",
    "category": "Kids' Running",
    "imageUrl": [
      "https://d326fntlu7tb1e.cloudfront.net/uploads/58282ea3-b815-4d26-9f4f-382aa62f67cf-HP5404_a1.webp",
      "https://d326fntlu7tb1e.cloudfront.net/uploads/44127a0f-f623-475f-ae96-a05962148d32-FU7712_a1.webp",
      "https://d326fntlu7tb1e.cloudfront.net/uploads/679d44db-f952-4b78-b3e8-1f0e6835e77f-EF5398_a1.webp",
      "https://d326fntlu7tb1e.cloudfront.net/uploads/a767e5dc-0aa6-44bf-9b78-e743b4383672-Q47342_a1.webp"
    ],
    "oldPrice": "1899.00",
    "sizes": [
      { "size": "3.0", "isSelected": false },
      { "size": "3.5", "isSelected": false },
      { "size": "4.0", "isSelected": false },
      { "size": "4.5", "isSelected": false },
      { "size": "5.0", "isSelected": false },
      { "size": "5.5", "isSelected": false },
      { "size": "6.0", "isSelected": false }
    ],
    "price": "89.99",
    "description": "Let your girls carry forward the glorious legacy with the adidas Originals Superstar. From courts to streets, these legendary shoes have been ruling hearts for 50 years and continue to live as an icon even after generations. Featuring vibrant details and bright pops of hues, these iconic shoes bring fresh energy to the table and awaken your grade-schoolers inner charisma and sassiness. The distinctive rubber shell toe offers unmatched protection, while the signature 3-Stripes bring in heritage elements and allow your girls to honor the brands legacy in style.",
    "title": "Textile sockliner ensures plush comfort and breathability"
  },
  {
    "id": "21",
    "name": "X_PLR Casual",
    "category": "Kids' Running",
    "oldPrice": "999.00",
    "imageUrl": [
      "https://d326fntlu7tb1e.cloudfront.net/uploads/76cfc4b8-5d8c-4213-96f9-b36cf4245c1d-F99739_a1.webp",
      "https://d326fntlu7tb1e.cloudfront.net/uploads/2eba4d7f-577e-4eb7-a8b9-c617f6c8ba4a-BY9879_a1.webp",
      "https://d326fntlu7tb1e.cloudfront.net/uploads/0d69e3ad-59f0-400c-9b68-1eb002c94cad-CQ2964_a1.webp",
      "https://d326fntlu7tb1e.cloudfront.net/uploads/e07593d1-436f-430d-aeea-ecc01e6f07a0-CP9797_a1.webp"
    ],
    "sizes": [
      { "size": "3.0", "isSelected": false },
      { "size": "3.5", "isSelected": false },
      { "size": "4.0", "isSelected": false },
      { "size": "4.5", "isSelected": false },
      { "size": "5.0", "isSelected": false },
      { "size": "5.5", "isSelected": false },
      { "size": "6.0", "isSelected": false }
    ],
    "price": "44.99",
    "description": "Send your child to school in the adidas X_PLR sneaker. This running-inspired shoe has a casual appearance that coordinates with any type of apparel. The adidas stripes are featured on the side for an iconic look. This sneaker has a knit upper lined with mesh for a snug fit and breathable comfort. The speed lacing system integrates with the upper to help kids get ready faster. It comes in several colorways, including classic black and white.",
    "title": "Lightweight EVA midsole wont weigh feet down."
  },
  {
    "id": "22",
    "name": "Originals NMD R1",
    "category": "Kids' Running",
    "imageUrl": [
      "https://d326fntlu7tb1e.cloudfront.net/uploads/eaffa63f-629d-49fb-bb97-b35fd49a5c6c-GX5724_a1.webp",
      "https://d326fntlu7tb1e.cloudfront.net/uploads/fb035956-26b3-4166-bb3f-24897cc198e9-GX5724_a2.webp",
      "https://d326fntlu7tb1e.cloudfront.net/uploads/b6a7c1c5-cdd8-46da-a4ea-5756d3a78c81-GX5724_a3.webp"
    ],
    "sizes": [
      { "size": "3.0", "isSelected": false },
      { "size": "3.5", "isSelected": false },
      { "size": "4.0", "isSelected": false },
      { "size": "4.5", "isSelected": false },
      { "size": "5.0", "isSelected": false },
      { "size": "5.5", "isSelected": false },
      { "size": "6.0", "isSelected": false }
    ],
    "oldPrice": "1349.00",
    "price": "80.00",
    "description": "Fast is fabulous, just like your little girls. The adidas NMD R1 lets them experience the fast pace of the city life in style and comfort. The NMD brings together street style with technologies from the world of adidas running.The cool monochrome look with comfortable, and matching upper, sole and laces ensure a laid-back, easy-going look. Your little ones can run on as they head to play or chill with you when they head out on their daily adventures",
    "title": "Boost midsole provides proper cushioning and responsiveness"
  },
  {
    "id": "23",
    "name": "Originals Forum Low",
    "category": "Kids' Running",
    "imageUrl": [
      "https://d326fntlu7tb1e.cloudfront.net/uploads/6f6ba91b-68f1-41f6-8111-493710d46838-FY7974_a1.webp",
      "https://d326fntlu7tb1e.cloudfront.net/uploads/e2e1c9ac-59cb-41d9-a135-2c8ee8204688-GZ1761_a1.webp",
      "https://d326fntlu7tb1e.cloudfront.net/uploads/5fc88ebd-3bae-47ec-bc32-fafbc1d65e96-GZ1775_a1.webp"
    ],
    "oldPrice": "999.00",
    "price": "64.00",
    "sizes": [
      { "size": "3.0", "isSelected": false },
      { "size": "3.5", "isSelected": false },
      { "size": "4.0", "isSelected": false },
      { "size": "4.5", "isSelected": false },
      { "size": "5.0", "isSelected": false },
      { "size": "5.5", "isSelected": false },
      { "size": "6.0", "isSelected": false }
    ],
    "description": "Get your boys hoop-ready in the iconic adidas Originals Forum Low. Featuring a leather upper, these durable kicks are super comfy. The chunky outsole helps your boys get that extra push to perform better in the court. Let your boys channel that 80s basketball energy in style.",
    "title": "Rubber outsole provides added grip and traction"
  },
  {
    "id": "24",
    "name": "UltraBoost DNA 1.0",
    "category": "Kids' Running",
    "imageUrl": [
      "https://d326fntlu7tb1e.cloudfront.net/uploads/680aef10-2212-4a06-af91-df8875131feb-HQ4218_a1.webp",
      "https://d326fntlu7tb1e.cloudfront.net/uploads/d5b5a4fe-0b00-4f4b-a10f-e9bb746720f6-HQ2163_a1.webp",
      "https://d326fntlu7tb1e.cloudfront.net/uploads/d73122f9-f210-4e0d-b07d-5e5a0b3c6680-HQ1405_a1.webp"
    ],
    "oldPrice": "849.00",
    "sizes": [
      { "size": "3.0", "isSelected": false },
      { "size": "3.5", "isSelected": false },
      { "size": "4.0", "isSelected": false },
      { "size": "4.5", "isSelected": false },
      { "size": "5.0", "isSelected": false },
      { "size": "5.5", "isSelected": false },
      { "size": "6.0", "isSelected": false }
    ],
    "price": "58.99",
    "description": "Nothing can stop your boys from chasing their personal best. Designed for crushing the daily grind, the adidas UB DNA 1.0 Running Shoes keep your boys covered through the miles. Catering to both long-run races and short-distance walks, these lightweight shoes let your boys pound the pavement with next-level comfort and confidence",
    "title": "Boost cushioning provides responsiveness and plush comfort"
  },
  {
    "id": "25",
    "name": "Adidas Multix",
    "category": "Kids' Running",
    "imageUrl": [
      "https://d326fntlu7tb1e.cloudfront.net/uploads/22dbd4a2-d3d7-4f34-92e4-ff155a0cacac-GX4254_a1.webp",
      "https://d326fntlu7tb1e.cloudfront.net/uploads/27805b13-acc2-4f41-9260-8917a2bb448a-GX4255_a1.webp"
    ],
    "oldPrice": "599.00",
    "price": "59.00",
    "sizes": [
      { "size": "3.0", "isSelected": false },
      { "size": "3.5", "isSelected": false },
      { "size": "4.0", "isSelected": false },
      { "size": "4.5", "isSelected": false },
      { "size": "5.0", "isSelected": false },
      { "size": "5.5", "isSelected": false },
      { "size": "6.0", "isSelected": false }
    ],
    "description": "School mode, weekend mode, vacation mode, the adidas Multix is your preschoolers ally no matter what they are up to. Made with Primegreen — a series of recycled materials, these shoes let your little boys strutter out in eco-conscious strides. Inspired by sleek runners from the adidas archives, these silhouettes feature the OrthoLite sockliner that ensures maximum comfort with superior cushioning. The breathable mesh upper offers breathability, while the durable outsole with a diagonal pattern delivers excellent traction. A minimalist giver, the adidas Multix makes moving fast an easy task.",
    "title": "EVA midsole delivers flexibility and a lightweight feel."
  },
  {
    "id": "26",
    "name": "Originals Stan Smith",
    "category": "Kids' Running",
    "imageUrl": [
      "https://d326fntlu7tb1e.cloudfront.net/uploads/4c60a8db-2a13-432b-b8e0-2572a6da7963-GY1790_a1.webp",
      "https://d326fntlu7tb1e.cloudfront.net/uploads/37cc15e1-9e5b-468e-888f-ecc9fb31192d-FX7534_a1.webp",
      "https://d326fntlu7tb1e.cloudfront.net/uploads/7ef0afb4-9678-4234-89af-37fc2e037101-GY4262_a1.webp"
    ],
    "oldPrice": "2799.00",
    "price": "98.00",
    "sizes": [
      { "size": "3.0", "isSelected": false },
      { "size": "3.5", "isSelected": false },
      { "size": "4.0", "isSelected": false },
      { "size": "4.5", "isSelected": false },
      { "size": "5.0", "isSelected": false },
      { "size": "5.5", "isSelected": false },
      { "size": "6.0", "isSelected": false }
    ],
    "description": "Want a sneaker that will never go out of style? You have found it. The boys' adidas Originals Stan Smith will always be a must-have in your sneaker rotation. It was originally served up for tennis pros in 1971, and since then has become a style staple made for everyone in a variety of colors and patterns. The leather upper gives these kicks a clean look, while the perforated 3-Stripes details add premium adidas Originals style. Inside there is a synthetic lining and EVA midsole that provides you with all-day comfort and lightweight cushioning. At the bottom, you will find a tonal rubber outsole that gives you the traction and durability you need",
    "title": "Signature Stan Smith logo on the tongue and callout at the heel for a classic feel."
  },
  {
    "id": "27",
    "name": "Ultraboost 5.0 DNA",
    "category": "Kids' Running",
    "imageUrl": [
      "https://d326fntlu7tb1e.cloudfront.net/uploads/69565330-67ec-4095-94ba-478c938a7b33-GX9764_a1.webp",
      "https://d326fntlu7tb1e.cloudfront.net/uploads/032576b6-532f-44ee-836b-563b1271f4f9-HR1796_a1.webp"
    ],
    "oldPrice": "1049.00",
    "sizes": [
      { "size": "3.0", "isSelected": false },
      { "size": "3.5", "isSelected": false },
      { "size": "4.0", "isSelected": false },
      { "size": "4.5", "isSelected": false },
      { "size": "5.0", "isSelected": false },
      { "size": "5.5", "isSelected": false },
      { "size": "6.0", "isSelected": false }
    ],
    "price": "89.00",
    "description": "Your multi-talented kids deserve the creation of a multi-talented star like Pharrell Williams. The adidas Ultraboost DNA kicks bring together Williams style and adidas technology, creating a masterpiece. Give your kids the unbelievable comfort and undeniable style of these premium sneakers.",
    "title": "Continental rubber outsole provides durable traction."
  },
  {
    "id": "28",
    "name": "Originals NMD 360",
    "category": "Kids' Running",
    "imageUrl": [
      "https://d326fntlu7tb1e.cloudfront.net/uploads/25a5c664-6e3d-4d5f-855c-dfd888940fa5-GX3316_a1.webp",
      "https://d326fntlu7tb1e.cloudfront.net/uploads/1abe16e2-051b-4acc-93f6-2ee955c5a47f-GX3317_a1.webp",
      "https://d326fntlu7tb1e.cloudfront.net/uploads/b3a2ef3a-4407-4d70-8f31-0d0c4b6c2d02-ID4259_a1.webp"
    ],
    "oldPrice": "899",
    "price": "99.00",
    "sizes": [
      { "size": "3.0", "isSelected": false },
      { "size": "3.5", "isSelected": false },
      { "size": "4.0", "isSelected": false },
      { "size": "4.5", "isSelected": false },
      { "size": "5.0", "isSelected": false },
      { "size": "5.5", "isSelected": false },
      { "size": "6.0", "isSelected": false }
    ],
    "description": "Put some pep in your step with the adidas Originals NMD R1.V2. The modern silhouette teams up with retro details to create a truly stand-out look. Your new favorite sneakers are right here. Regular fit shows off a streamlined silhouette Classic lace closure lets you adjust for your ideal fit.Textile upper provides a snug comfortable feel. Responsive Boost midsole includes plugs for throwback style",
    "title": "Adidas Running Shoes With Cooling Ventilations"
  },
  {
    "id": "29",
    "name": "Originals Superstar",
    "category": "Kids' Running",
    "imageUrl": [
      "https://d326fntlu7tb1e.cloudfront.net/uploads/dc18ed7c-2061-43e7-9efa-a5fba1b2a1dd-IG2753.webp",
      "https://d326fntlu7tb1e.cloudfront.net/uploads/ca4928ab-a75e-4482-84e0-b8f56ea30110-GY3328_a1.webp",
      "https://d326fntlu7tb1e.cloudfront.net/uploads/68e2e5eb-c2ea-4847-9c8b-c050994bb405-FV3147_a1.webp"
    ],
    "sizes": [
      { "size": "3.0", "isSelected": false },
      { "size": "3.5", "isSelected": false },
      { "size": "4.0", "isSelected": false },
      { "size": "4.5", "isSelected": false },
      { "size": "5.0", "isSelected": false },
      { "size": "5.5", "isSelected": false },
      { "size": "6.0", "isSelected": false }
    ],
    "oldPrice": "1499.00",
    "price": "78.99",
    "description": "Put some pep in your step with the adidas Originals NMD R1.V2. The modern silhouette teams up with retro details to create a truly stand-out look. Your new favorite sneakers are right here. Regular fit shows off a streamlined silhouette Classic lace closure lets you adjust for your ideal fit.Textile upper provides a snug comfortable feel. Responsive Boost midsole includes plugs for throwback style",
    "title": "Lace closure ensures a customized fit"
  }
]
